# Adding 20 Students to the database
INSERT INTO Students (student_ssn, student_first_name, student_last_name, student_address, student_high_school, student_year, student_major) VALUES ('373-60-4918', 'Muhkta', 'Abare', '664 Kingston St. Palm Bay, FL 32907', 'Woodlynde High School', '3rd', 'Physical Education & Coaching');
INSERT INTO Students (student_ssn, student_first_name, student_last_name, student_address, student_high_school, student_year, student_major) VALUES ('230-29-1819', 'David', 'Amajor', '9370 Fairview Drive Macungie, PA 18062', 'West Chester East High School', '2nd', 'Data Management Technology');
INSERT INTO Students (student_ssn, student_first_name, student_last_name, student_address, student_high_school, student_year, student_major) VALUES ('187-69-3256', 'Scott', 'Argenziano', '8179 Glenwood Dr. Taunton, MA 02780', 'West Chester Christian School', '3rd', 'Computer System Administration');
INSERT INTO Students (student_ssn, student_first_name, student_last_name, student_address, student_high_school, student_year, student_major) VALUES ('472-18-5146', 'Vivek', 'Baskar', '20 Arcadia Dr. Paterson, NJ 07501', 'Unionville High School', '3rd', 'Applied Mathematics');
INSERT INTO Students (student_ssn, student_first_name, student_last_name, student_address, student_high_school, student_year, student_major) VALUES ('123-85-0048', 'Jake', 'Byford', '84 Canal St. Dorchester, MA 02125', 'The Phelps School', '3rd', 'Information Science');
INSERT INTO Students (student_ssn, student_first_name, student_last_name, student_address, student_high_school, student_year, student_major) VALUES ('529-22-8288', 'Christian', 'Carpena', '9352 W. Golf St. Endicott, NY 13760', 'Downingtown West High School', '1st', 'Child Care Services Management');
INSERT INTO Students (student_ssn, student_first_name, student_last_name, student_address, student_high_school, student_year, student_major) VALUES ('481-93-3849', 'Naga Akhil', 'Desabattina', '7618 Winchester Dr. Jamaica Plain, MA 02130', 'Downingtown East High School', '3rd', 'Family & Consumer Sciences');
INSERT INTO Students (student_ssn, student_first_name, student_last_name, student_address, student_high_school, student_year, student_major) VALUES ('315-04-4775', 'Yassine', 'Dribki', '87 St Margarets Drive King Of Prussia, PA 19406', 'Conestoga High School', '4th', 'Digital Communications/Media');
INSERT INTO Students (student_ssn, student_first_name, student_last_name, student_address, student_high_school, student_year, student_major) VALUES ('545-35-1491', 'William', 'Duggan', '9442 SE. Thomas Drive Naples, FL 34116', 'Bedford High School', '2nd', 'Organizational Behavior');
INSERT INTO Students (student_ssn, student_first_name, student_last_name, student_address, student_high_school, student_year, student_major) VALUES ('620-22-9811', 'Sai Narasimha Rao', 'Konda', '9070 Yukon Street Dracut, MA 01826', 'South Side High School', '3rd', 'Logistics & Materials Management');
INSERT INTO Students (student_ssn, student_first_name, student_last_name, student_address, student_high_school, student_year, student_major) VALUES ('373-60-4918', 'Kevin', 'La', '7233 N. Golden Star St. Saint Paul, MN 55104', 'Rochester Area High School', '3rd', 'Accounting');
INSERT INTO Students (student_ssn, student_first_name, student_last_name, student_address, student_high_school, student_year, student_major) VALUES ('230-29-1819', 'Prem Kumar', 'Maharajan', '7922 W. Gartner Street Morgantown, WV 26508', 'Monaca High School', '2nd', 'Cinema/Film');
INSERT INTO Students (student_ssn, student_first_name, student_last_name, student_address, student_high_school, student_year, student_major) VALUES ('187-69-3256', 'Theodore', 'Moore', '74 W. Pheasant Road Vista, CA 92083', 'Hopewell High School', '4th', 'Latin American Area Studies');
INSERT INTO Students (student_ssn, student_first_name, student_last_name, student_address, student_high_school, student_year, student_major) VALUES ('472-18-5146', 'Rahul', 'Patel', '20 West Birchwood St. Zion, IL 60099', 'Serra Catholic High School', '3rd', 'Agricultural Economics');
INSERT INTO Students (student_ssn, student_first_name, student_last_name, student_address, student_high_school, student_year, student_major) VALUES ('123-85-0048', 'Wen', 'Zhang', '201 West Buckingham Road Londonderry, NH 03053', 'Blanche Ely High School', '3rd', 'Agricultural Economics');
INSERT INTO Students (student_ssn, student_first_name, student_last_name, student_address, student_high_school, student_year, student_major) VALUES ('529-22-8288', 'Diana', 'Zawislak', '7101 Maple Drive Morrisville, PA 19067', 'Keystone Oaks High School', '4th', 'Agriculture, General');
INSERT INTO Students (student_ssn, student_first_name, student_last_name, student_address, student_high_school, student_year, student_major) VALUES ('481-93-3849', 'Tianqi', 'Xu', '98 Highland Court State College, PA 16801', 'Ellis High School', '1st', 'Mathematics');
INSERT INTO Students (student_ssn, student_first_name, student_last_name, student_address, student_high_school, student_year, student_major) VALUES ('315-04-4775', 'Claire', 'Wang', '173 Livingston Lane Mebane, NC 27302', 'Deer Lakes High School', '1st', 'Chemistry');
INSERT INTO Students (student_ssn, student_first_name, student_last_name, student_address, student_high_school, student_year, student_major) VALUES ('545-35-1491', 'Andrew', 'Truong', '642 Vermont Road Waltham, MA 02453', 'City Charter High School', '3rd', 'Biology');
INSERT INTO Students (student_ssn, student_first_name, student_last_name, student_address, student_high_school, student_year, student_major) VALUES ('620-22-9811', 'Ascanio Ramos', 'Reyes', '7734 Brandywine Street Elyria, OH 44035', 'Avonworth High School', '3rd', 'Computer Science');
INSERT INTO Students (student_ssn, student_first_name, student_last_name, student_address, student_high_school, student_year, student_major) VALUES ('685-02-0051', 'Roland Junior', 'Toussaint', '335 Willow Street, West Goshen, PA 55846', 'Avonworth High School', '3rd', 'Computer Science');


# Adding departments to the database
INSERT INTO Departments (department_name, department_budget, department_building_id) VALUES ('Arts Management', 1885744.90, 1);
INSERT INTO Departments (department_name, department_budget, department_building_id) VALUES ('Bilingual Interpreting', 3178627.90, 2);
INSERT INTO Departments (department_name, department_budget, department_building_id) VALUES ('African American Studies', 4740152.25, 5);
INSERT INTO Departments (department_name, department_budget, department_building_id) VALUES ('Department of History', 3560424.03, 9);
INSERT INTO Departments (department_name, department_budget, department_building_id) VALUES ('Department of Philosophy', 3717615.01, 2);
INSERT INTO Departments (department_name, department_budget, department_building_id) VALUES ('Sciences and Mathematics', 3605662.07, 3);
INSERT INTO Departments (department_name, department_budget, department_building_id) VALUES ('Languages, Cultures, and World Affairs', 2628061.20, 6);
INSERT INTO Departments (department_name, department_budget, department_building_id) VALUES ('Humanities and Social Sciences', 2778444.99, 7);
INSERT INTO Departments (department_name, department_budget, department_building_id) VALUES ('School of Dentistry', 66865.17, 9);
INSERT INTO Departments (department_name, department_budget, department_building_id) VALUES ('Center for Student Learning', 4209039.33, 1);
# INSERT INTO Departments (department_name, department_budget, department_building_id) VALUES ('Women and Gender Studies', 1885744.90, '47335-833');
# INSERT INTO Departments (department_name, department_budget, department_building_id) VALUES ('Writing, Rhetoric, and Publication', 3178627.90, '0378-5501');
# INSERT INTO Departments (department_name, department_budget, department_building_id) VALUES ('Civic Engagement', 4740152.25, '47335-613');
# INSERT INTO Departments (department_name, department_budget, department_building_id) VALUES ('Academic Affairs', 3560424.03, '68645-282');
# INSERT INTO Departments (department_name, department_budget, department_building_id) VALUES ('Accounts Payable ', 3717615.01, '10096-0314');
# INSERT INTO Departments (department_name, department_budget, department_building_id) VALUES ('Appalachian Studies', 3605662.07, '57520-0091');
# INSERT INTO Departments (department_name, department_budget, department_building_id) VALUES ('Athletics', 2628061.20, '60760-054');
# INSERT INTO Departments (department_name, department_budget, department_building_id) VALUES ('Career Development', 2778444.99, '59779-005');
# INSERT INTO Departments (department_name, department_budget, department_building_id) VALUES ('International Education', 66865.17, '55154-6964');
# INSERT INTO Departments (department_name, department_budget, department_building_id) VALUES ('Ceramics Studio', 4209039.33, '58503-008');


# Adding courses to the database
INSERT INTO Courses (course_name, course_credit, student_ta_hr_required, department_code) VALUES ('Intro to Photo Space', 1, 9, 9);
INSERT INTO Courses (course_name, course_credit, student_ta_hr_required, department_code) VALUES ('Data Mining', 1, 10, 3);
INSERT INTO Courses (course_name, course_credit, student_ta_hr_required, department_code) VALUES ('Data Structures and Algorithms', 4, 10, 5);
INSERT INTO Courses (course_name, course_credit, student_ta_hr_required, department_code) VALUES ('Intro to Database Management', 4, 9, 7);
INSERT INTO Courses (course_name, course_credit, student_ta_hr_required, department_code) VALUES ('Intro to French', 3, 6, 7);
INSERT INTO Courses (course_name, course_credit, student_ta_hr_required, department_code) VALUES ('Network Programming', 1, 5, 2);
INSERT INTO Courses (course_name, course_credit, student_ta_hr_required, department_code) VALUES ('Calculus 101', 3, 3, 4);
INSERT INTO Courses (course_name, course_credit, student_ta_hr_required, department_code) VALUES ('Intro to Abstract Algebra', 2, 4, 6);
INSERT INTO Courses (course_name, course_credit, student_ta_hr_required, department_code) VALUES ('Intro to Nursing Profession', 4, 9, 5);
INSERT INTO Courses (course_name, course_credit, student_ta_hr_required, department_code) VALUES ('Mental Health Nursing', 4, 7, 5);

# Adding staff to the database
INSERT INTO Staff (staff_ssn, staff_name, staff_salary, staff_rank, staff_course_load) VALUES (267027259, 'Murry Adiscot', 41539, 'Herald', 2);
INSERT INTO Staff (staff_ssn, staff_name, staff_salary, staff_rank, staff_course_load) VALUES (309525505, 'Kristoffer Spensly', 39020, 'Zealot', 5);
INSERT INTO Staff (staff_ssn, staff_name, staff_salary, staff_rank, staff_course_load) VALUES (733376354, 'Aridatha Allabush', 68774, 'Disciple', 5);
INSERT INTO Staff (staff_ssn, staff_name, staff_salary, staff_rank, staff_course_load) VALUES (641341916, 'Linea Oxlee', 140698, 'Ambassador', 5);
INSERT INTO Staff (staff_ssn, staff_name, staff_salary, staff_rank, staff_course_load) VALUES (554627396, 'Gasper Mallard', 141775, 'Ambassador', 2);
INSERT INTO Staff (staff_ssn, staff_name, staff_salary, staff_rank, staff_course_load) VALUES (560803338, 'Lawry Emtage', 82534, 'Disciple', 1);
INSERT INTO Staff (staff_ssn, staff_name, staff_salary, staff_rank, staff_course_load) VALUES (287930387, 'Bord Piesing', 57729, 'Sage', 4);
INSERT INTO Staff (staff_ssn, staff_name, staff_salary, staff_rank, staff_course_load) VALUES (876548487, 'Sherye Whistan', 32161, 'Zealot', 1);
INSERT INTO Staff (staff_ssn, staff_name, staff_salary, staff_rank, staff_course_load) VALUES (399753850, 'Travers Groome', 112997, 'Cleric', 2);
INSERT INTO Staff (staff_ssn, staff_name, staff_salary, staff_rank, staff_course_load) VALUES (16185652, 'Tonnie Matuszewski', 41097, 'Zealot', 3);

# Adding sections to the database
INSERT INTO Sections (course_number, section_year, section_max_enroll, staff_ssn) VALUES (5, 2021, 10, 267027259);
INSERT INTO Sections (course_number, section_year, section_max_enroll, staff_ssn) VALUES (3, 2020, 4, 554627396);
INSERT INTO Sections (course_number, section_year, section_max_enroll, staff_ssn) VALUES (8, 2021, 1, 399753850);
INSERT INTO Sections (course_number, section_year, section_max_enroll, staff_ssn) VALUES (7, 2021, 4, 641341916);
INSERT INTO Sections (course_number, section_year, section_max_enroll, staff_ssn) VALUES (6, 2021, 10, 560803338);
INSERT INTO Sections (course_number, section_year, section_max_enroll, staff_ssn) VALUES (4, 2021, 12, 876548487);
INSERT INTO Sections (course_number, section_year, section_max_enroll, staff_ssn) VALUES (2, 2021, 19, 287930387);
INSERT INTO Sections (course_number, section_year, section_max_enroll, staff_ssn) VALUES (1, 2021, 17, 733376354);
INSERT INTO Sections (course_number, section_year, section_max_enroll, staff_ssn) VALUES (10, 2020, 4, 309525505);
INSERT INTO Sections (course_number, section_year, section_max_enroll, staff_ssn) VALUES (9, 2022, 14, 16185652);

# Adding registrations to the database
INSERT INTO Registrations (student_id, section_number, course_number) VALUES (13, 7, 3);
INSERT INTO Registrations (student_id, section_number, course_number) VALUES (5, 5, 6);
INSERT INTO Registrations (student_id, section_number, course_number) VALUES (10, 3, 5);
INSERT INTO Registrations (student_id, section_number, course_number) VALUES (9, 1, 8);
INSERT INTO Registrations (student_id, section_number, course_number) VALUES (15, 9, 1);
INSERT INTO Registrations (student_id, section_number, course_number) VALUES (2, 7, 7);
INSERT INTO Registrations (student_id, section_number, course_number) VALUES (4, 6, 5);
INSERT INTO Registrations (student_id, section_number, course_number) VALUES (6, 4, 2);
INSERT INTO Registrations (student_id, section_number, course_number) VALUES (17, 2, 9);

# Adding buildings to the database
INSERT INTO Buildings (building_name, building_location) VALUES ('Lesser Snakeroot', '12 Ludington Plaza, NW campus');
INSERT INTO Buildings (building_name, building_location) VALUES ('Glandular Phacelia', '7477 Hansons Lane, NW campus');
INSERT INTO Buildings (building_name, building_location) VALUES ('Shagbark Hickory', '97 West Road, NW campus');
INSERT INTO Buildings (building_name, building_location) VALUES ('Greenes Maple', '0236 Havey Place, , NJ campus');
INSERT INTO Buildings (building_name, building_location) VALUES ('Pink Turtlehead', '167 Superior Junction, NJ campus');
INSERT INTO Buildings (building_name, building_location) VALUES ('Polypody Fissidens Moss', '209 Welch Parkway, NJ campus');
INSERT INTO Buildings (building_name, building_location) VALUES ('Chaenothecopsis Lichen', '1 Kensington Alley');
INSERT INTO Buildings (building_name, building_location) VALUES ('Smelly Wallflower', '7772 Morrow Plaza, NW campus');
INSERT INTO Buildings (building_name, building_location) VALUES ('American Scurfpea', '26 Dakota Point, NW campus');
INSERT INTO Buildings (building_name, building_location) VALUES ('Kern River Clarkia', '11681 Dapin Place, NJ campus');

# Adding rooms to the drop database
INSERT INTO Rooms (building_id, room_capacity, room_audio_visual) VALUES (8, 19, FALSE);
INSERT INTO Rooms (building_id, room_capacity, room_audio_visual) VALUES (7, 25, FALSE);
INSERT INTO Rooms (building_id, room_capacity, room_audio_visual) VALUES (3, 16, FALSE);
INSERT INTO Rooms (building_id, room_capacity, room_audio_visual) VALUES (7, 9, TRUE);
INSERT INTO Rooms (building_id, room_capacity, room_audio_visual) VALUES (4, 22, TRUE);
INSERT INTO Rooms (building_id, room_capacity, room_audio_visual) VALUES (4, 18, FALSE);
INSERT INTO Rooms (building_id, room_capacity, room_audio_visual) VALUES (1, 10, TRUE);
INSERT INTO Rooms (building_id, room_capacity, room_audio_visual) VALUES (7, 23, TRUE);
INSERT INTO Rooms (building_id, room_capacity, room_audio_visual) VALUES (1, 10, TRUE);
INSERT INTO Rooms (building_id, room_capacity, room_audio_visual) VALUES (2, 35, TRUE);

# Adding section in rooms in the database
INSERT INTO SectionInRooms (building_id, room_number, course_number, section_in_room_weekday, section_in_room_time) VALUES (9, 6, 8, 'Mon-Tue-Fri', '8:00-10:00 am');
INSERT INTO SectionInRooms (building_id, room_number, course_number, section_in_room_weekday, section_in_room_time) VALUES (2, 9, 9, 'Tue-Thu', '8:00-10:00 am');
INSERT INTO SectionInRooms (building_id, room_number, course_number, section_in_room_weekday, section_in_room_time) VALUES (6, 2, 7, 'Wed-Thu', '11:00-02:00 pm');
INSERT INTO SectionInRooms (building_id, room_number, course_number, section_in_room_weekday, section_in_room_time) VALUES (7, 6, 4, 'Mon-Wed', '06:00-05:30 am');
INSERT INTO SectionInRooms (building_id, room_number, course_number, section_in_room_weekday, section_in_room_time) VALUES (4, 1, 8, 'Mon-Wed-Fri', '8:00-10:00 am');
INSERT INTO SectionInRooms (building_id, room_number, course_number, section_in_room_weekday, section_in_room_time) VALUES (4, 7, 6, 'Thu-Fri', '05:00-08:00 am');
INSERT INTO SectionInRooms (building_id, room_number, course_number, section_in_room_weekday, section_in_room_time) VALUES (6, 6, 1, 'Wed-Thu', '10:00-12:00 pm');
INSERT INTO SectionInRooms (building_id, room_number, course_number, section_in_room_weekday, section_in_room_time) VALUES (8, 3, 8, 'Mon-Wed-Fri', '03:00-05:15 pm');
INSERT INTO SectionInRooms (building_id, room_number, course_number, section_in_room_weekday, section_in_room_time) VALUES (8, 8, 3, 'Tue-Fri', '12:00-01:30 pm');
INSERT INTO SectionInRooms (building_id, room_number, course_number, section_in_room_weekday, section_in_room_time) VALUES (2, 5, 5, 'Mon-Wed', '9:00-11:00 am');